Time,ICM_acceleration_x,ICM_acceleration_y,ICM_acceleration_z,ICM_gyroscope_x,ICM_gyroscope_y,ICM_gyroscope_z,ICM_magnetometer_x,ICM_magnetometer_y,ICM_magnetometer_z,BMP_altitude,BMP_pressure,BMP_temperature,Kalman_altitude,Kalman_velocity,Kalman_acceleration,State,servo_Throttle,ACS_state
1646105161,-34.20356492,-10.59673655,-29.78626285,-0.307231249,0.114045945,0.332012261,-54.15,-41.7,-84,2.771447445,991.8958558,11.24830056,-0.007403206,0.107784937,-27.23004514,OnGround,0.147620984,ACS_Inactive
1646105161,78.4508058,5.415684155,-12.30619653,-0.955800946,0.210771828,0.085800921,-54.6,-41.7,-82.5,0.052456938,991.3553928,11.25737101,0.045143896,0.555559355,32.03016875,OnGround,0.147620984,ACS_Inactive
1646105161,8.449137659,3.572148877,78.4508058,-0.079139359,-0.10605207,-0.067947935,-54.75,-38.7,-82.65,-1.640411197,991.6530875,11.26190623,-1.011070122,0.432178104,11.40172745,OnGround,0.147620984,ACS_Inactive
1646105161,78.4508058,-0.421379492,-6.435614063,-1.069580429,-0.495620229,-0.019718224,-54,-37.95,-82.2,-2.578426166,991.565801,11.26190623,-1.980556118,1.023121764,46.78577203,OnGround,0.147620984,ACS_Inactive
1646105161,78.4508058,-9.93593689,-17.89665741,-0.640042897,-0.091130171,0.024781011,-53.55,-35.55,-83.4,5.962592184,991.5868782,11.26190623,3.106574839,8.3020511,60.30360844,OnGround,0.147620984,ACS_Inactive
1646105161,78.4508058,-14.10903038,-2.691082666,-0.499350704,-0.199047479,-0.127102607,-54.3,-37.2,-82.2,2.867381375,991.4770245,11.25283579,3.122500599,10.8526205,65.46487799,OnGround,0.147620984,ACS_Inactive
1646105161,78.4508058,-5.475539197,12.96939039,0.077540584,0.039969373,-0.005062787,-53.85,-35.4,-82.5,1.270060725,991.322042,11.25283579,2.167286958,12.6047669,67.43584992,OnGround,0.147620984,ACS_Inactive
1646105161,78.4508058,-5.95677373,-7.22570061,-0.161476268,-0.061552835,0.119108732,-54.3,-34.35,-82.95,3.238589278,991.0900678,11.25283579,3.089730193,16.02190553,68.18942092,OnGround,0.147620984,ACS_Inactive
1646105161,78.4508058,0.035913025,-1.723825195,-0.100456358,-0.106318533,0.189987754,-52.8,-34.05,-83.4,7.56056438,990.7045767,11.25737101,6.231285571,21.41493007,68.47804461,OnGround,0.147620984,ACS_Inactive
1646105161,78.4508058,-5.760449194,-0.299275208,-0.247543652,-0.127102607,0.274189901,-54,-35.55,-81.9,8.215736731,990.8369953,11.25283579,7.904883362,25.29437458,68.58762153,OnGround,0.147620984,ACS_Inactive
1646105162,78.4508058,-1.323993518,-2.738966699,-0.277387451,-0.159611031,0.317090361,-52.8,-36.75,-84.9,10.00183141,990.7487162,11.25737101,9.695646409,29.00690693,68.62946447,OnGround,0.147620984,ACS_Inactive
1646105162,78.4508058,-1.206677637,-0.313640417,-0.29017765,-0.185724355,0.360257285,-53.25,-35.1,-84.15,13.00723088,990.1636376,11.25737101,12.32124775,33.34149718,68.64569605,OnGround,0.147620984,ACS_Inactive
1646105162,78.4508058,-0.732625708,-0.794874951,-0.382640134,-0.191852992,0.387169996,-53.55,-36.75,-83.7,14.88603338,990.0645593,11.25737101,14.57546597,37.21970194,68.65165775,OnGround,0.147620984,ACS_Inactive
1646105162,78.4508058,-0.797269153,-0.550666382,-0.600073524,-0.209439516,0.381840746,-53.25,-35.55,-85.2,17.51302237,989.6781175,11.25737101,17.10381988,41.10498356,68.65399316,OnGround,0.147620984,ACS_Inactive
1646105162,78.4508058,0.950498059,0.284909998,-0.720781032,-0.278453301,0.347200623,-51.9,-36.15,-84.3,19.86069418,989.2479997,11.25283579,19.5832822,44.76908793,68.65479412,OnGround,0.147620984,ACS_Inactive
1646105162,78.4508058,2.463633508,0.694318481,-1.002165419,-0.261399701,0.290710575,-52.2,-35.4,-85.5,24.47305076,988.8728289,11.25283579,23.51969499,49.73083717,68.65558129,OnGround,0.147620984,ACS_Inactive
1646105162,78.4508058,1.321599316,-1.362300745,-1.185491612,-0.23448699,0.220364478,-53.1,-35.7,-84.3,26.54196335,988.8174366,11.24830056,26.31461448,53.31400171,68.65536955,OnGround,0.147620984,ACS_Inactive
1646105162,78.4508058,2.885013,4.271255762,-1.267828521,-0.209439516,0.135629407,-52.65,-33,-84,30.4964523,988.1441385,11.24830056,29.91928455,57.51497114,68.65552404,OnGround,0.147620984,ACS_Inactive
1646105162,78.4508058,3.311180896,5.341463904,-1.277154708,-0.157479331,0.05675651,-52.05,-31.95,-85.65,34.825161,987.8131207,11.24376533,34.09266178,62.10638572,68.65570844,OnGround,0.147620984,ACS_Inactive
1646105162,78.4508058,3.220201233,5.260061047,-1.278753483,-0.060753447,0.014122512,-50.1,-30.9,-83.7,37.46088351,987.349288,11.24376533,37.31768499,65.54905225,68.65536174,OnGround,0.147620984,ACS_Inactive
1646105162,78.4508058,3.521870642,5.173869788,-1.354961754,0.026379786,-0.05355896,-51.15,-29.4,-83.55,39.9089208,986.8746469,11.24376533,40.10994146,68.43198025,68.65499984,OnGround,0.147620984,ACS_Inactive
1646105162,78.4508058,3.572148877,8.178592871,-1.268094983,0.158012256,-0.077274122,-51,-27.75,-82.65,45.37529258,986.4220868,11.2392301,44.70466628,72.91202903,68.655462,OnGround,0.147620984,ACS_Inactive
1646105162,78.4508058,3.416525769,1.963245361,-1.200679973,0.205176116,-0.105252683,-51,-26.1,-81.45,49.61078642,986.0140584,11.24376533,49.09109507,76.97574617,68.65551989,OnGround,0.147620984,ACS_Inactive
1646105162,78.4508058,1.599326709,5.781997009,-1.229990847,0.274989288,-0.119375195,-51,-24.15,-80.4,53.2888501,985.4403426,11.24830056,53.09765868,80.49867267,68.6553201,PoweredAscent,0.147620984,ACS_Inactive
1646105162,78.4508058,1.833958472,4.963180042,-1.241182272,0.386903533,-0.114312408,-51.75,-22.2,-78.9,58.47725392,984.8228651,11.24376533,57.91566512,84.62927399,68.65548758,PoweredAscent,0.147620984,ACS_Inactive
1646105162,78.4508058,1.060631335,3.596090894,-1.182560524,0.401292508,-0.081537521,-52.65,-21.6,-77.25,62.62550988,984.481021,11.24376533,62.37860348,88.24451302,68.65534375,PoweredAscent,0.147620984,ACS_Inactive
1646105162,78.4508058,0.497993945,0.845153186,-0.921427285,0.371182247,-0.018652374,-52.8,-18.6,-73.65,68.76255602,983.8078429,11.24830056,67.96534704,92.75896597,68.65565043,PoweredAscent,0.147620984,ACS_Armed
1646105162,78.4508058,0.069431848,0.399831677,-0.929954085,0.343470148,-0.046098011,-51.9,-19.95,-71.25,74.33340812,982.9917533,11.24830056,73.69677822,97.19110279,68.65568646,PoweredAscent,0.147620984,ACS_Armed
1646105162,78.4508058,1.929726538,-0.938527051,-0.972854546,0.301102612,-0.026113324,-52.5,-19.8,-72.15,79.71823708,982.35186,11.25737101,79.20635597,101.2465262,68.65560046,PoweredAscent,0.147620984,ACS_Armed
1646105162,78.4508058,1.271321082,-4.738125085,-0.98404597,0.11884227,-0.012523737,-53.85,-18.45,-70.05,86.33407615,981.5904728,11.26190623,85.4899826,105.8479022,68.65578394,PoweredAscent,0.147620984,ACS_Armed
1646105162,78.4508058,0.641646045,-7.199364392,-0.827366027,-0.002931087,0.012790199,-52.2,-18,-69.3,94.09473159,980.8070506,11.24830056,92.87825602,111.2630042,68.6561441,PoweredAscent,0.147620984,ACS_Armed
1646105163,78.4508058,-0.134075293,-7.678204724,-0.785264954,-0.11990812,-0.036771823,-53.1,-17.25,-68.55,97.9770567,980.2668917,11.24830056,98.04317264,114.3654023,68.65538751,PoweredAscent,0.147620984,ACS_Armed
1646105163,78.4508058,0.299275208,-1.185129822,-0.800986241,-0.222229715,-0.027712099,-52.8,-17.1,-67.95,103.6593167,979.6709051,11.24376533,103.5896815,117.6916015,68.65518914,PoweredAscent,0.147620984,ACS_Armed
1646105163,78.4508058,0.495599744,-1.446097803,-0.741032181,-0.180395105,-0.115911183,-54.15,-16.05,-67.05,110.2924384,978.8989301,11.25737101,109.9784974,121.5804378,68.65528639,PoweredAscent,0.147620984,ACS_Armed
1646105163,78.4508058,0.940921252,3.454832996,-0.709323145,-0.102588058,-0.049828485,-53.25,-17.1,-66.9,117.4029748,978.049381,11.25283579,116.803418,125.7947776,68.65550884,PoweredAscent,0.147620984,ACS_Armed
1646105163,78.4508058,2.4516625,4.984727856,-0.652300172,0.002398162,-0.04929556,-51.45,-15.3,-65.55,124.6124342,977.2110001,11.26190623,123.9438226,130.1156027,68.65563472,PoweredAscent,0.147620984,ACS_Armed
1646105163,78.4508058,0.651222852,1.185129822,-0.502015328,0.086067384,-0.037571211,-53.4,-14.85,-64.5,132.8743027,976.4499481,11.26190623,131.971871,134.9996638,68.65586889,PoweredAscent,0.147620984,ACS_Armed
1646105163,78.4508058,-1.934514941,3.660734338,-0.53425729,0.112713633,0.009059725,-52.05,-13.5,-63.9,140.3790658,975.5123977,11.27097666,139.6433424,139.4267002,68.65582171,PoweredAscent,0.147620984,ACS_Armed
1646105163,78.4508058,-4.235342737,-3.457227197,-0.540918852,0.106584995,0.091929559,-52.5,-13.5,-63.45,148.5561332,974.486751,11.27097666,147.7117003,144.0247153,68.65586897,PoweredAscent,0.147620984,ACS_Armed
1646105163,78.4508058,-0.232237561,-1.623268726,-0.560903538,0.114045945,0.151883618,-52.8,-13.95,-61.95,154.9326454,973.6483979,11.28004707,154.8998722,147.4400323,68.65534976,PoweredAscent,0.147620984,ACS_Armed
1646105163,78.4508058,-0.658405457,-5.973533142,-0.57076265,0.057289435,0.141758044,-52.2,-15.75,-60,164.074887,972.6667192,11.29365267,163.2704607,151.9783975,68.65566908,PoweredAscent,0.147620984,ACS_Armed
1646105163,78.4508058,1.958456958,-2.975992664,-0.752223605,-0.06101991,0.089797859,-52.05,-13.5,-61.65,172.1749676,971.7953487,11.28458227,171.5453379,156.2198664,68.65566755,PoweredAscent,0.147620984,ACS_Armed
1646105163,78.4508058,0.502782349,-3.545812659,-0.710388994,-0.092196021,-0.040768761,-52.2,-15.3,-60.3,178.5642346,970.703369,11.29365267,178.8233512,159.1443934,68.65506892,PoweredAscent,0.147620984,ACS_Armed
1646105163,77.90492782,2.42293208,0.835576379,-0.587549787,-0.087666159,0.00746095,-53.55,-14.25,-58.95,187.7273083,969.7548138,11.30725824,187.2183759,163.1812991,68.31799169,PoweredAscent,0.147620984,ACS_Armed
1646105163,75.29285381,3.24414325,3.787627026,-0.653366022,0.024248086,-0.010392037,-51.9,-14.1,-58.8,196.9937087,968.8503619,11.31179342,196.2824973,167.5527817,66.57502792,PoweredAscent,0.147620984,ACS_Armed
1646105163,73.44931853,0.63446344,2.035071411,-0.677347646,0.070879022,-0.0085268,-53.55,-13.95,-57.9,208.9471172,967.8355878,11.32993412,207.351666,173.4552874,64.77054931,PoweredAscent,0.147620984,ACS_Armed
1646105163,72.23306409,0.311246216,-0.845153186,-0.423142432,-0.05036141,0.011457887,-52.65,-12.9,-56.25,215.4557447,966.74359,11.32539895,215.4886388,176.3931778,63.32846897,PoweredAscent,0.147620984,ACS_Armed
1646105163,64.4614855,-0.612915625,-4.273649963,-0.530260352,-0.045032161,0.083402759,-52.5,-14.25,-55.65,225.2264767,965.5743312,11.33900445,224.7048478,180.0546694,57.97491201,PoweredAscent,0.147620984,ACS_Armed
1646105163,27.72964363,4.424484668,-1.810016455,-0.558238914,-0.074875959,-0.095393571,-52.05,-12.75,-55.65,234.3348627,964.6146737,11.34807477,234.0690923,182.6260536,33.22835018,PoweredAscent,0.147620984,ACS_Armed
1646105163,8.647856396,-2.908955017,-5.50905802,-0.738101093,0.005595712,-0.034107199,-52.65,-14.1,-54.3,246.8129699,963.1365635,11.36168022,245.2881862,186.0863032,11.98365316,PoweredAscent,0.147620984,ACS_Armed
1646105163,-5.118803149,-4.903325,0.976834277,-0.429004607,0.069813172,-0.028245024,-52.5,-14.7,-53.7,255.1716313,962.1988567,11.3707505,254.7453996,186.8702996,-4.640107758,PoweredAscent,0.147620984,ACS_Armed
1646105163,-9.866505042,1.896207715,-8.298302954,-0.5782236,0.166539055,0.041035223,-52.8,-14.25,-52.95,264.9817168,961.040507,11.38889103,264.5763693,187.0527152,-13.92406127,Burnout,0.147620984,ACS_Armed
1646105164,-9.050082275,11.58075343,11.04205806,-0.708257295,0.092462484,-0.103920371,-52.5,-13.95,-51.15,276.2440403,959.7499147,11.39796128,275.1683028,188.0865325,-16.9652005,Burnout,0.147620984,ACS_Armed
1646105164,-8.959102612,5.549759448,-2.841917371,-0.681877508,-0.008793262,0.003730475,-52.65,-15.3,-49.05,283.279006,958.9335272,11.39342616,283.5218955,186.8638971,-18.07146671,Burnout,-1,ACS_Active
1646105164,-11.76510696,4.908113403,16.18480322,-0.923558985,0.116444107,-0.069813172,-51.45,-17.25,-51,292.7294095,957.8303422,11.41156662,292.5863381,186.1827589,-20.22797225,Burnout,-1,ACS_Active
1646105164,-8.343792786,3.675099548,4.230554333,-0.945142447,0.005595712,-0.102854521,-51.9,-17.7,-51.75,303.0545629,956.8374384,11.41610173,302.4056362,186.3369035,-18.9368619,Burnout,-1,ACS_Active
1646105164,-9.18655177,3.471592407,3.21541283,-0.779669241,0.130033694,0.018119449,-51.9,-17.25,-50.55,311.558899,955.656885,11.41610173,311.3937636,185.7202446,-18.96487585,Burnout,-1.004066694,ACS_Active
1646105164,-11.45864915,2.499546533,1.086967554,-0.801252703,0.038370598,-0.092728946,-52.5,-18.6,-48.45,319.6815495,954.6421432,11.42517194,319.8991736,184.4073114,-20.38006646,Burnout,-1.004066694,ACS_Active
1646105164,-7.055712292,-2.91374342,2.085349646,-0.733571231,-0.022116387,0.037038286,-52.05,-18.6,-47.4,331.5821267,953.5500739,11.44331231,330.4568633,185.3692158,-18.19856058,Burnout,-1.004066694,ACS_Active
1646105164,-8.645462195,1.781286035,-0.713472095,-0.573427275,0.018119449,0.007727412,-50.4,-19.95,-46.05,339.4313141,952.5350589,11.44331231,339.3126192,184.7085808,-18.34848869,Burnout,-1.004066694,ACS_Active
1646105164,-7.939172705,0.667982263,1.67354696,-0.75382238,0.180395105,-0.000266462,-50.55,-20.55,-45.9,348.8324215,951.5424174,11.45238248,348.7503236,183.9357893,-17.9692641,Burnout,-1.004066694,ACS_Active
1646105164,-5.640739111,3.466804004,2.477998718,-0.76554673,0.071411947,0.007727412,-51.9,-21.15,-45,357.3760277,950.4720632,11.45691756,357.3719773,183.1447107,-16.40395991,Burnout,-1.004066694,ACS_Active
1646105164,-8.080430603,-5.518634827,-4.819527942,-0.725577356,-0.015721287,0.064750385,-50.7,-21.15,-43.8,366.2103055,949.5343961,11.46598771,366.1091308,182.5166476,-17.3138142,Burnout,-1.004066694,ACS_Active
1646105164,-7.44117876,3.818751648,1.541865869,-0.828698339,0.11564472,-0.026646249,-36.6,-20.85,-42.3,375.9320686,948.5081009,11.46145263,375.5403704,182.3391489,-17.26606794,Burnout,-1.004066694,ACS_Active
1646105164,-6.617573389,1.460463013,1.364694946,-0.656563572,0.106851458,-0.007194487,-17.55,-21.6,-39.75,385.079249,947.4384865,11.47052277,384.702651,182.1663377,-16.73883127,Burnout,-1.004066694,ACS_Active
1646105164,-7.264007837,1.824381665,-0.167594116,-0.657629422,0.148952531,0.000799387,-4.2,-18,-35.55,393.940544,946.1807697,11.47052277,393.6780679,181.8067242,-16.9370404,Burnout,-1.004066694,ACS_Active
1646105164,-8.255207324,1.458068811,1.259350073,-0.697598795,0.061286372,-0.053825423,13.05,-12.3,-28.95,405.4396251,945.0999632,11.48412796,404.3254155,182.8289184,-17.62475948,Burnout,-1.004066694,ACS_Active
1646105164,-7.824251025,3.119644763,0.509964954,-0.69813172,0.05142726,0.11351302,24.15,-8.4,-24.15,417.051009,943.7432312,11.4795929,415.5214428,184.5217993,-17.62083919,Burnout,-1.004066694,ACS_Active
1646105164,-6.904877588,0.378283862,0.610521423,-0.756220543,0.058088823,0.023448699,36,0.9,-15.9,424.9627079,942.6624735,11.4795929,424.659008,184.2120767,-17.05195611,Burnout,-1.004066694,ACS_Active
1646105164,-7.316680273,0.098162268,-0.198718738,-0.651234322,0.12310567,0.090597246,42.9,9.6,-6.9,436.9871411,941.4827629,11.48412796,435.7038752,185.5296928,-17.08849927,Burnout,-1.004066694,ACS_Active
1646105164,-8.015787158,1.12527478,-1.345541333,-0.69386832,0.10711792,0.060486985,45.9,19.8,0.15,446.2844011,940.445057,11.48412796,445.5800729,185.8775385,-17.53493274,Burnout,-1.004066694,ACS_Active
1646105164,-7.230489014,2.257732166,2.602497205,-0.658162347,-0.034640124,0.008260337,45,29.1,7.8,457.0570601,939.1551189,11.50226817,456.032405,186.7478953,-17.21990639,Burnout,-1.004066694,ACS_Active
1646105164,-7.594407666,-0.644040247,-2.810792749,-0.483096492,0.063418072,0.028511486,42.45,35.55,13.95,467.5491872,938.0744513,11.50226817,466.6057744,187.4913866,-17.32452666,Burnout,-1.004066694,ACS_Active
1646105165,-5.978321545,-0.452504114,-2.691082666,-0.541185314,0.0063951,0.036771823,32.4,42.45,20.25,479.9146619,936.5413917,11.49773312,478.2502792,189.4517282,-16.3652259,Burnout,-1.004066694,ACS_Active
1646105165,-6.87854137,3.457227197,0.672770667,-0.704793282,0.079139359,-0.013323124,18.3,51.15,27.3,489.345691,935.6258448,11.50680321,488.5230895,190.0323438,-16.55573542,Burnout,-1.004066694,ACS_Active
1646105165,-7.242460022,-0.51954176,-4.386177441,-0.718649332,0.044232773,0.024514549,8.85,54,28.95,500.854229,934.390871,11.50680321,499.6740674,191.198816,-16.85315871,Burnout,-1.004066694,ACS_Active
1646105165,-6.315903979,1.862688892,-1.996764185,-0.684009208,-0.034640124,0.015721287,-9.3,55.65,31.65,509.4146112,933.222088,11.50226817,509.1181562,190.912707,-16.39472578,Burnout,-1.004066694,ACS_Active
1646105165,-7.096413721,1.508347046,-0.902614026,-0.593944887,0.130833082,-0.010924962,-27.3,55.65,30.45,524.2021848,932.096706,11.51587329,521.947627,193.8437691,-16.70071065,Burnout,-1.004066694,ACS_Active
1646105165,-9.938331091,3.782838623,11.52329259,-0.622722836,0.12310567,0.009059725,-43.5,55.8,31.05,535.4566695,930.5082159,11.51587329,533.9167697,195.5601077,-18.57442838,Burnout,-1.004066694,ACS_Active
1646105165,-6.962338428,1.273715283,-0.593762012,-0.443660043,0.091130171,-0.055424198,-61.95,47.7,25.65,545.2378006,929.2063865,11.52040832,544.4359284,196.0476165,-17.45137465,Burnout,-1.004066694,ACS_Active
1646105165,-7.149086157,1.235408057,1.043871924,-0.644839222,0.176131705,0.065016847,-78.45,43.8,21.9,557.1016894,927.9167969,11.52947837,555.8203803,197.3483007,-17.13750958,Burnout,-1.004066694,ACS_Active
1646105165,-7.067683301,2.561795776,-0.016759412,-0.679745808,-0.012790199,0.007993875,-88.8,33.6,18.15,570.7693286,926.5920781,11.53854842,568.7579219,199.889099,-16.9667959,Burnout,-1.004066694,ACS_Active
1646105165,-6.016628772,0.639251843,-2.990357874,-0.45511793,0.116444107,0.104186833,-98.85,24.3,10.5,580.4965965,925.3466515,11.54308344,579.6170177,200.568198,-16.25278177,Burnout,-1.004066694,ACS_Active
1646105165,-6.485892297,1.754949817,-2.827552161,-0.467108742,0.021849924,0.06954671,-105.75,15.75,4.8,592.1072519,924.1991619,11.54308344,590.9624203,201.690833,-16.26990329,Burnout,-1.004066694,ACS_Active
1646105165,-6.981492041,2.047042419,-1.666364355,-0.545182252,-0.005595712,0.005862175,-108.3,2.1,-4.2,602.1411841,923.051654,11.55215346,601.5821197,201.8356043,-16.58311605,Burnout,-1.004066694,ACS_Active
1646105165,-6.212953308,0.134075293,-1.663970154,-0.672551321,0,0.034906586,-106.65,-7.95,-11.7,612.1848871,922.123685,11.55668847,611.7534499,201.7829105,-16.22786216,Burnout,-1.004066694,ACS_Active
1646105165,-5.353434912,0.347159241,2.578555188,-0.588349175,-0.013589587,0.020784074,-101.1,-18,-16.8,621.5372146,921.0432299,11.57029347,621.4046064,201.2612685,-15.56115497,Burnout,-1.004066694,ACS_Active
1646105165,-5.159504578,0.567425793,-0.12928689,-0.470572755,0.045298623,0.004529862,-89.85,-28.5,-23.7,633.4974512,919.6646399,11.58389844,632.6076482,202.0135096,-15.18612143,Burnout,-1.004066694,ACS_Active
1646105165,-6.56250675,-0.210689746,-3.191470813,-0.527062802,0.069813172,0.090330784,-82.2,-33.15,-25.95,641.7856309,918.7711429,11.58843342,641.8809628,201.1241218,-15.91064396,Burnout,-1.004066694,ACS_Active
1646105165,-6.189011292,0.452504114,-1.264138477,-0.409819307,0.032241961,0.11990812,-63.75,-39.3,-29.55,649.8812374,917.6666292,11.59750338,650.3876695,199.5447292,-15.95682515,Burnout,-1.004066694,ACS_Active
1646105165,-5.276820459,1.108515369,1.570596289,-0.490823904,0.000799387,-0.009326187,-46.2,-43.65,-29.25,658.6780752,916.7059017,11.61564326,659.1344989,198.0335264,-15.41067518,Burnout,-1.004066694,ACS_Active
1646105165,-5.197811804,0.339976636,-2.025494604,-0.432468619,0.147087294,0.017586524,-28.8,-43.05,-29.4,668.6923329,915.6023489,11.62471318,668.5777669,197.5095721,-15.15284829,Burnout,-1.004066694,ACS_Active
1646105165,-6.294356165,2.248155359,2.664746448,-0.475102617,0.102854521,0.013056662,-10.8,-42.3,-26.7,676.1047836,914.8620492,11.63378309,676.7225283,195.7672708,-15.73255287,Burnout,-1.004066694,ACS_Active
1646105165,-5.815515833,0.672770667,-3.107673755,-0.604869849,0.133231244,0.010392037,5.4,-38.25,-21.9,687.6345758,913.7909612,11.64738792,687.0723004,195.9549504,-15.65725082,Burnout,-1.004066694,ACS_Active
1646105166,-5.738901379,0.466869324,0.469263525,-0.474036767,0.017320062,0.073810109,19.05,-33,-17.55,695.156241,912.5770763,11.6564578,695.540855,194.5903116,-15.58177531,Burnout,-1.004066694,ACS_Active
1646105166,-5.839457849,-0.967257471,-2.762908716,-0.53425729,0.131366007,-0.015721287,31.65,-25.5,-12,702.5989675,911.8598775,11.67006258,703.3405275,192.6385264,-15.61532788,Burnout,-1.004066694,ACS_Active
1646105166,-4.927267017,-1.556231079,0.550666382,-0.444992356,0.04929556,0.040768761,40.05,-17.25,-3.75,712.1401867,910.5577673,11.68366734,712.3353716,191.5674613,-15.06402378,Burnout,-1.004066694,ACS_Active
1646105166,-5.190629199,0.857124194,1.683123767,-0.548912726,0.065816235,0.136162332,44.85,-10.8,2.7,722.6114806,909.9612306,11.68820225,722.1255325,191.6694108,-15.01575109,Burnout,-1.004066694,ACS_Active
1646105166,-4.951209033,4.094084839,7.565677246,-0.45618378,-0.012790199,0.12417152,47.55,-0.45,10.2,730.7630135,908.7240048,11.70180697,730.8786098,190.7808832,-14.84974457,Burnout,-1.004066694,ACS_Active
1646105166,-5.983109949,1.498770239,2.853888379,-0.391966321,0.165206743,0.085267996,44.1,7.2,15.9,737.5228821,908.0496193,11.71087677,738.4250617,188.5463456,-15.42462181,Burnout,-1.004066694,ACS_Active
1646105166,-5.123591553,4.486733911,6.538564734,-0.403157745,0.043699848,-0.002931087,35.25,18.6,24.15,747.3218443,906.9678932,11.71994655,747.2834993,187.8979972,-15.11235551,Burnout,-1.004066694,ACS_Active
1646105166,-6.311115576,3.349488123,1.221042847,-0.390900471,0.031176111,0.060753447,25.5,23.1,27.3,755.1851852,905.9743493,11.73808608,755.5002809,186.6558479,-15.72724384,Burnout,-1.004066694,ACS_Active
1646105166,-5.389347937,0.450109912,-0.581791003,-0.528661577,0.074875959,0.06315161,17.7,27.3,31.65,767.7100528,905.0573099,11.75169069,766.5135723,187.9099553,-15.39140673,Burnout,-1.004066694,ACS_Active
1646105166,-5.485116003,5.434837769,4.577713574,-0.462045955,0.06954671,0.00959265,-5.25,32.25,34.05,775.2090688,904.0857663,11.75622555,775.2348394,187.1499653,-15.32314547,Burnout,-1.004066694,ACS_Active
1646105166,-2.597708801,2.317587207,3.399766357,-0.581154688,0.04822971,-0.004529862,-14.85,32.25,35.25,781.9877013,903.2024053,11.75622555,782.7176429,185.2809198,-13.51302202,Burnout,-1.004066694,ACS_Active
1646105166,-5.398924744,-0.859518396,-4.031835596,-0.493222066,-0.017586524,0.050094948,-38.55,30.6,32.25,789.3779686,902.1853545,11.77436497,790.1784738,183.2663086,-14.55292355,Burnout,-1.004066694,ACS_Active
1646105166,-5.353434912,3.646369128,0.835576379,-0.47430323,0.025047474,0.076741197,-54.9,25.2,29.55,798.109139,901.478344,11.79250434,798.3346529,182.203133,-14.92162273,Burnout,-1.004066694,ACS_Active
1646105166,-5.497087012,0.308852014,-2.583343591,-0.420211344,-0.034906586,0.029843799,-71.4,19.65,24.75,807.9439914,900.6052299,11.80157401,807.5418011,182.1607923,-15.15081973,Burnout,-1.004066694,ACS_Active
1646105166,-6.366182214,2.401384265,2.97120426,-0.565166938,0.014655437,0.062885147,-85.5,13.35,18.3,815.1635396,899.3159505,11.81064366,815.5792207,180.7150102,-15.77604549,Burnout,-1.004066694,ACS_Active
1646105166,-5.789179614,0.12928689,-4.936843823,-0.552110276,0.027712099,0.007194487,-95.85,1.95,10.5,825.9355994,898.7397603,11.8197133,825.2359683,181.1380964,-15.65750205,Burnout,-1.004066694,ACS_Active
1646105166,-5.959167932,2.736572498,0.881066211,-0.255803989,0.098058196,-0.022649312,-102.45,-6,3.9,832.0439573,897.9679729,11.82424811,832.6497034,179.4041117,-15.71814915,Burnout,-1.004066694,ACS_Active
1646105166,-4.709394666,1.019929907,-3.756502405,-0.477234317,0.013323124,-0.002931087,-106.5,-17.7,-4.8,838.9695667,896.8521985,11.83785254,839.7957628,177.2904163,-14.96907294,Burnout,-1.004066694,ACS_Active
1646105166,-4.529829541,-0.584185205,0.093373865,-0.52892804,-0.071678409,0.030110261,-104.85,-28.5,-12.9,846.7140995,896.1891791,11.84238734,847.2108484,175.7801609,-14.57174261,Burnout,-1.004066694,ACS_Active
1646105166,-4.929661218,3.430890979,4.4699745,-0.699730495,0.076208272,0.036505361,-101.1,-37.8,-18.3,855.985352,895.4482069,11.84692214,855.7796502,175.4342996,-14.66661855,Burnout,-1.004066694,ACS_Active
1646105166,-6.557718347,2.813186951,0.67755907,-0.398094958,-0.0042634,0.053026035,-92.7,-49.95,-26.55,863.0225267,893.8605263,11.86052651,863.4514257,173.9802579,-15.70948129,Burnout,-1.004066694,ACS_Active
1646105167,-3.83551106,4.838681555,4.323928198,-0.409286382,0.035173048,-0.005862175,-82.8,-54.6,-29.25,874.7571973,893.000555,11.85599172,873.5989867,175.1978884,-14.42433719,Burnout,-1.004066694,ACS_Active
1646105167,-4.97515105,6.725312463,4.898536597,-0.672018396,0.015987749,-0.063684535,-64.8,-62.55,-33.75,878.3363325,893.3620579,11.86959608,879.5898195,172.45427,-14.63939291,Burnout,-1.004066694,ACS_Active
1646105167,-3.526659045,-0.093373865,1.754949817,-0.68960492,0.050094948,-0.05036141,-46.95,-65.7,-36,886.9286239,892.0390053,11.86959608,887.2594145,171.2240236,-13.82571627,Burnout,-1.004066694,ACS_Active
1646105167,-2.736572498,-2.130839478,-0.572214197,-0.408220532,0.010924962,0.031176111,-35.25,-64.65,-34.65,898.4863687,891.0010383,11.87866564,897.3043479,172.552405,-13.02560915,Burnout,-1.004066694,ACS_Active
1646105167,-4.738125085,-3.313575098,-8.853757739,-0.444459431,0.05569066,0.020517612,-12.6,-64.95,-34.5,904.7343993,889.4575264,11.88773518,904.9626517,171.5408235,-13.95795892,Burnout,-1.004066694,ACS_Active
1646105167,-4.137180469,-8.825027319,4.316745593,-0.522000015,-0.054358348,0.083402759,5.7,-61.35,-31.05,910.7662678,888.9385366,11.88773518,911.6449154,169.4024643,-13.94312753,Burnout,-1.004066694,ACS_Active
1646105167,-4.587290381,1.805228052,0.943315454,-0.367185309,-0.05142726,0.178529867,16.95,-57.15,-27.45,924.1013412,888.0226475,11.89226994,922.4391411,171.4887996,-14.21394316,Burnout,-1.004066694,ACS_Active
1646105167,-4.292803577,-1.80283385,-0.239420166,-0.427405832,-0.017852987,0.107917308,30.75,-49.35,-20.7,930.9806655,886.9863281,11.88773518,930.7813462,171.1549383,-14.13635629,Burnout,-1.004066694,ACS_Active
1646105167,-4.522646936,2.221819141,1.443703601,-0.770343054,0.105519145,0.06848086,40.8,-41.7,-14.55,933.6484587,886.1484694,11.89226994,935.5874291,167.2344113,-14.25021933,Burnout,-1.004066694,ACS_Active
1646105167,-5.655104321,3.327940308,-1.376665955,-0.494287916,0.021583462,0.0106585,46.5,-32.25,-8.25,946.0809507,885.5633252,11.89226994,945.1012874,168.1658633,-14.99164018,Burnout,-1.004066694,ACS_Active
1646105167,-3.078943335,2.020706201,8.109161023,-0.541718239,-0.043166923,0.029044411,48,-21.15,-1.5,947.5194655,884.7237518,11.90587422,949.5008603,164.2393834,-13.68464272,Burnout,-1.004066694,ACS_Active
1646105167,-3.387795349,-4.199429712,-4.884171387,-0.599807062,0.044765698,0.013589587,47.1,-14.7,2.7,959.4462277,884.1165435,11.90133946,958.6825535,164.8687537,-13.37446898,Burnout,-1.004066694,ACS_Active
1646105167,-4.070142822,0.009576807,4.141968872,-0.369050547,0.108716695,-0.047963248,39.9,-4.8,10.2,962.0266249,882.8937424,11.90587422,963.6194102,161.5975709,-13.67928687,Burnout,-1.004066694,ACS_Active
1646105167,-2.813186951,2.949656445,4.915296008,-0.303500774,0.00106585,-0.056490048,30.45,2.25,15,971.6092234,882.7495454,11.90133946,971.4449719,161.2475688,-13.01770534,Burnout,-1.004066694,ACS_Active
1646105167,-3.739742993,-3.471592407,-5.576095667,-0.514805528,0.053026035,-0.041301686,18,6.75,16.95,978.6321849,881.7353463,11.90133946,978.8217762,160.2980683,-13.33788388,Burnout,-1.004066694,ACS_Active
1646105167,-4.050989209,-0.962469067,2.592920398,-0.211571216,0.072477797,0.105252683,-2.4,12.3,20.55,989.752648,881.1942818,11.90587422,988.4924678,161.7476112,-13.65157604,Burnout,-1.004066694,ACS_Active
1646105167,-4.93205542,-1.115697974,-2.511517542,-0.632315485,0.074343034,0.068214397,-12.6,13.65,20.55,989.4346313,880.3564824,11.90133946,991.8466093,157.1165884,-14.31835458,Burnout,-1.004066694,ACS_Active
1646105167,-3.20104762,-2.698265271,-0.122104285,-0.290977037,-0.057022973,0.067947935,-35.1,11.7,18,1000.393963,879.4966508,11.90587422,1000.01786,157.0827478,-13.50137158,Burnout,-1.004066694,ACS_Active
1646105167,-5.583278271,-4.510675928,-4.776432312,-0.24301379,-0.148686069,0.125770295,-53.1,9,14.55,1007.212937,878.9895779,11.91040897,1007.259183,156.3424029,-14.66189743,Burnout,-1.004066694,ACS_Active
1646105167,-5.097255334,0.105344873,-2.633621826,-0.510275666,0.038370598,0.073810109,-62.4,5.7,12.15,1010.538167,877.9193976,11.91040897,1012.003785,153.2388521,-14.80573667,Burnout,-1.004066694,ACS_Active
1646105167,-4.362235425,1.735796204,2.55221897,-0.5803553,-0.026379786,0.031709036,-82.5,-2.7,4.05,1021.295947,877.3461982,11.91947847,1020.578006,153.7410349,-14.40495693,Burnout,-1.004066694,ACS_Active
1646105167,-2.29364519,1.896207715,5.530605835,-0.597408899,-0.012257274,-0.015721287,-95.1,-12.6,-3,1029.25908,877.3461982,11.91947847,1028.708791,154.0181114,-12.97353499,Burnout,-1.004066694,ACS_Active
1646105168,-6.380547424,0.948103857,0.806845959,-0.464177655,0.111647783,-0.034640124,-100.65,-19.8,-10.2,1032.893699,876.4102029,11.91947847,1033.989224,151.5500676,-14.9537136,Burnout,-1.004066694,ACS_Active
1646105168,-3.227383838,2.829946362,2.837128967,-0.563834626,-0.029843799,0.047430323,-105.9,-34.05,-19.95,1038.377397,875.2959637,11.91494372,1039.417028,149.1313287,-13.7612944,Burnout,-1.004066694,ACS_Active
1646105168,-4.256890552,0.7206547,2.707842078,-0.385571221,0.242747327,0,-104.85,-42.6,-28.65,1049.484378,874.6346163,11.91040897,1048.345484,150.3644086,-13.94064039,Burnout,-1.004066694,ACS_Active
1646105168,-2.992752075,-1.28329209,5.334281299,-0.413549782,0.009059725,0.030376724,-100.95,-51.75,-33.9,1059.017496,873.6085665,11.91040897,1057.680882,151.9332984,-13.22773903,Burnout,-1.004066694,ACS_Active
1646105168,-4.766855505,0.387860669,0.150834705,-0.34693416,0.213969378,0.022915774,-95.1,-61.8,-41.25,1060.905843,872.9592436,11.91494372,1062.387179,148.7912954,-14.05378084,Burnout,-1.004066694,ACS_Active
1646105168,-4.702212061,-3.040636108,-3.366247534,-0.587549787,0.187856054,0.057555898,-83.4,-69.45,-45.15,1069.522794,872.2097536,11.91040897,1069.454885,148.2379779,-14.32829417,Burnout,-1.004066694,ACS_Active
1646105168,-5.200206006,-1.386242761,-5.461173987,-0.346667698,-0.083935684,0.088732009,-68.7,-73.5,-49.5,1076.708912,872.2638698,11.91947847,1076.586886,147.7569827,-14.74089071,Burnout,-1.004066694,ACS_Active
1646105168,-5.276820459,-5.940014319,-12.32774435,-0.264863714,0.021583462,0.045565086,-50.1,-78.9,-51.45,1080.966197,871.0514703,11.91040897,1081.943433,145.4111279,-14.94658315,Burnout,-1.004066694,ACS_Active
1646105168,-2.636016028,-0.536301172,4.405331055,-0.568630951,-0.090064321,0.113779483,-35.7,-78.15,-52.2,1086.285617,870.6546916,11.90587422,1087.175049,143.2874115,-13.3929713,Burnout,-1.004066694,ACS_Active
1646105168,-3.77805022,-6.22971272,-8.726865051,-0.35865851,0.000799387,0.079938747,-13.65,-77.55,-50.55,1093.975736,869.3902916,11.91494372,1093.935979,142.7228852,-13.50474298,Burnout,-1.004066694,ACS_Active
1646105168,-2.947262244,0.600944617,-7.570465649,-0.027978561,-0.218765703,0.043966311,-3,-75.6,-49.8,1098.979388,869.4123335,11.90587422,1099.62672,141.0079337,-13.03444629,Burnout,-1.004066694,ACS_Active
1646105168,-2.238578552,3.435679382,8.920795386,-0.47003983,-0.011191425,0.007194487,17.1,-67.65,-43.8,1108.367739,868.27822,11.91040897,1107.576094,141.724511,-12.41585367,Burnout,-1.004066694,ACS_Active
1646105168,-2.217030737,2.650381238,-0.181959326,-0.282983163,-0.146021444,0.044232773,29.85,-60.75,-39.45,1115.789989,867.6049285,11.90587422,1115.267876,142.010136,-12.16642504,Burnout,-1.004066694,ACS_Active
1646105168,-3.632003918,-2.923320227,-3.596090894,-0.299503837,-0.091130171,0.043699848,38.25,-56.85,-34.65,1117.973504,866.8754826,11.90133946,1119.457947,138.9149934,-12.94702563,Burnout,-1.004066694,ACS_Active
1646105168,-5.293579871,3.047818713,6.854599353,-0.338673823,0.019984687,0.012257274,45.9,-42.3,-26.4,1122.247241,866.5149562,11.90133946,1123.587314,136.0611541,-14.27197299,Burnout,-1.004066694,ACS_Active
1646105168,-2.935291235,4.534617944,9.153032947,-0.379442584,0.012790199,0.015188362,49.65,-31.05,-18.75,1133.424775,865.7655885,11.90587422,1132.15291,137.5136699,-13.31882414,Burnout,-1.004066694,ACS_Active
1646105168,-4.575319373,0.397437476,3.6056677,-0.420744269,0.095660033,0.050094948,48.45,-23.1,-13.05,1136.030306,865.1264309,11.89680471,1137.012529,135.2167148,-13.96985387,Burnout,-1.004066694,ACS_Active
1646105168,-1.316810913,-3.538630054,-5.284003064,-0.12097397,-0.017586524,0.022382849,42.15,-12.3,-8.4,1140.446332,864.6216579,11.88773518,1141.495002,132.8827013,-12.20468657,Burnout,-1.004066694,ACS_Active
1646105168,-2.068590234,3.306392493,-1.201889233,-0.407421145,0.034640124,0.021316999,33.15,-4.65,-1.8,1142.938688,864.3351505,11.88320041,1144.675249,129.4597532,-11.99552716,Burnout,-1.004066694,ACS_Active
1646105168,-4.122815259,0.79248075,-3.11485636,-0.450588068,0.111114858,0.016787137,21.75,1.5,0.75,1151.413173,863.3434071,11.88320041,1151.211636,129.187344,-13.18393281,Burnout,-1.004066694,ACS_Active
1646105168,-2.202665527,1.386242761,-0.12928689,-0.428205219,0.121773357,0.068214397,6.6,3.6,3.15,1173.211795,863.0370392,11.87866564,1167.382537,138.2147568,-12.4474113,Burnout,-1.004066694,ACS_Active
1646105169,-2.750937708,-3.239354846,1.101332764,-0.492955604,0.072477797,0.049029098,-7.05,7.2,3.45,1164.604521,862.1555298,11.87866564,1167.972627,132.0863634,-12.51103021,Burnout,-1.004066694,ACS_Active
1646105169,-4.299986182,1.379060156,4.21140072,-0.11990812,0.009859112,0.0042634,-30.75,6.45,2.7,1168.151609,861.3599805,11.8650613,1170.38836,127.7202217,-13.49199118,Burnout,-1.004066694,ACS_Active
1646105169,-3.485957617,0.854729993,0.421379492,-0.51507199,-0.039969373,0.019984687,-45.9,4.05,0.15,1172.865242,860.7253273,11.86959608,1174.133631,124.9983564,-13.36291128,Burnout,-1.004066694,ACS_Active
1646105169,-4.776432312,2.360682837,3.696647363,-0.52040124,0.017320062,0.037304748,-60.3,1.5,-4.05,1179.587655,860.8278113,11.86959608,1179.721782,124.1324114,-14.11040974,Burnout,-1.004066694,ACS_Active
1646105169,-3.22977804,3.361459131,0.912190833,-0.365053609,0.021583462,0.032774886,-79.65,-7.95,-10.95,1185.872584,859.9342532,11.85599172,1185.792138,123.6103339,-13.43990099,Burnout,-1.004066694,ACS_Active
1646105169,-2.470816113,-0.960074866,0.301669409,-0.255271064,-0.05888821,0.009859112,-88.2,-12.15,-15,1194.570112,859.5200553,11.84238734,1193.471194,124.818514,-12.71404939,Burnout,-1.004066694,ACS_Active
1646105169,-3.746925598,3.327940308,0.960074866,-0.567032176,-0.034107199,0.082603371,-98.1,-23.55,-24,1200.137398,857.8796433,11.83331773,1199.831458,124.7129235,-13.22600592,Burnout,-1.004066694,ACS_Active
1646105169,-4.525041138,3.579331482,7.618349683,-0.2827167,-0.045298623,0.023715161,-103.8,-34.2,-34.8,1204.538161,857.9700463,11.82878292,1204.99484,123.2961546,-13.90297002,Burnout,-1.004066694,ACS_Active
1646105169,-3.701435767,0.284909998,6.507440112,-0.451387456,-0.007194487,-0.034640124,-104.1,-41.4,-39.45,1204.538161,857.7299543,11.8197133,1206.802875,118.9088739,-13.65372768,Burnout,-1.004066694,ACS_Active
1646105169,-4.134786267,-2.937685437,-6.545747339,-0.247277189,0.032241961,0.096992346,-100.95,-54,-48.9,1213.250323,857.313616,11.81517848,1213.00579,118.6522068,-13.82467436,Burnout,-1.004066694,ACS_Active
1646105169,-1.582567297,3.294421484,15.52400356,-0.173200618,-0.04929556,0.065816235,-91.05,-64.65,-56.7,1223.890366,856.6845615,11.81064366,1222.001724,121.2198041,-12.311469,Burnout,-1.004066694,ACS_Active
1646105169,-2.959233252,2.286462585,10.74996545,-0.430336919,0.061819297,0.075941809,-81.9,-70.2,-61.2,1223.046325,856.1041744,11.80157401,1224.728907,117.8494224,-12.586745,Burnout,-1.004066694,ACS_Active
1646105169,-3.347093921,-3.521870642,-1.027112512,-0.484695267,0.134030632,0.11457887,-68.1,-75.75,-64.65,1227.361675,855.4432483,11.80157401,1228.409988,115.5240768,-12.93116839,Burnout,-1.004066694,ACS_Active
1646105169,-3.416525769,-2.497152332,-11.25753621,-0.378909659,-0.006928025,0.101255746,-51.9,-80.25,-67.5,1238.955583,854.7406008,11.79250434,1237.150269,117.9264287,-13.10369457,Burnout,-1.004066694,ACS_Active
1646105169,-3.287238879,-0.866701001,0.500388147,-0.363188372,-0.029577336,0.002398162,-35.7,-80.4,-68.4,1242.737531,854.4687296,11.7879695,1242.707049,117.3640343,-13.09091687,Burnout,-1.004066694,ACS_Active
1646105169,-4.589684583,-3.035847705,-8.889670764,-0.245145489,-0.073277184,0.092728946,-13.8,-80.1,-67.65,1244.19485,853.8519168,11.78343466,1245.649569,114.3380351,-13.89197537,Burnout,-1.004066694,ACS_Active
1646105169,-1.77410343,2.276885779,8.231265308,-0.284315475,-0.128434919,0.078339972,-1.2,-76.05,-66.9,1250.845342,853.5458659,11.77436497,1250.943006,113.5512885,-12.45693105,Burnout,-1.004066694,ACS_Active
1646105169,-2.439691492,-2.801215942,-2.659958044,-0.370649322,-0.10818377,0.005062787,17.25,-70.2,-61.65,1254.725661,852.6647414,11.75169069,1255.278024,112.0623089,-12.32045,Burnout,-1.004066694,ACS_Active
1646105169,-2.712630481,-0.366312854,-1.551442676,-0.254738139,-0.037038286,0.024248086,33,-62.4,-55.2,1257.031,852.3611026,11.75622555,1258.30037,109.3962302,-12.43747598,Burnout,-1.004066694,ACS_Active
1646105169,-5.52342323,1.582567297,-1.812410657,-0.405289445,0.103387446,-0.041834611,40.8,-53.55,-49.8,1262.089381,851.340455,11.73808608,1262.612684,107.8762831,-14.21885764,Burnout,-1.004066694,ACS_Active
1646105169,-5.125985754,9.904812268,14.4274592,-0.227558965,-0.058355285,0.021583462,49.2,-41.25,-42.75,1267.997543,851.364874,11.72448144,1267.869996,107.4085447,-14.65321475,Burnout,-1.004066694,ACS_Active
1646105170,-3.655945935,0.811634363,8.087613208,-0.211571216,-0.026113324,0.017053599,50.4,-31.8,-36,1269.552209,850.5009044,11.71541166,1270.766575,104.7471876,-13.91147751,Burnout,-1.004066694,ACS_Active
1646105170,-4.984727856,1.316810913,2.319981409,-0.45831548,0.066882085,0.039436448,49.95,-23.1,-28.5,1273.132176,850.3565442,11.71087677,1274.092338,102.4639517,-14.4492405,Burnout,-1.004066694,ACS_Active
1646105170,-3.847482068,0.227449158,4.082113831,-0.335209811,0.008260337,0.085534459,44.25,-12.9,-22.8,1282.015811,850.4128092,11.69727207,1280.870025,103.6937164,-13.95037625,Burnout,-1.004066694,ACS_Active
1646105170,-4.733336682,1.898601917,0.967257471,-0.327482398,-0.003996937,0.096459421,34.35,-5.1,-17.55,1283.171069,849.8205922,11.70634187,1284.094427,101.5131394,-14.30868804,Burnout,-1.004066694,ACS_Active
1646105170,-2.504334937,-1.656787549,-4.936843823,-0.382373671,0.066615622,0.134830019,22.65,2.85,-13.2,1286.236414,849.4926746,11.69727207,1287.221974,99.21974085,-13.06801121,Burnout,-1.004066694,ACS_Active
1646105170,-4.520252734,6.344634399,6.636727002,-0.366119459,0.06421746,0.081803984,7.35,6.45,-10.2,1293.54949,848.9200935,11.68820225,1292.926301,99.6151249,-13.83893815,Burnout,-1.004066694,ACS_Active
1646105170,-3.339911316,-3.227383838,-2.815581152,-0.450588068,0.060220522,0.090597246,-6.45,8.25,-10.8,1296.523346,848.876049,11.68820225,1296.905468,98.35177361,-13.40458085,Burnout,-1.004066694,ACS_Active
1646105170,-4.003105176,-3.969586353,-10.50815109,-0.319222061,-0.125770295,0.097791733,-27.45,9.75,-13.05,1302.756835,847.8459352,11.67006258,1302.336805,98.40366393,-13.64801006,Burnout,-1.004066694,ACS_Active
1646105170,-2.128445276,-1.723825195,-4.699817859,-0.257136301,0.037038286,0.128434919,-40.35,7.35,-14.25,1311.120874,847.2758661,11.66099273,1309.590213,100.3242277,-12.58165539,Burnout,-1.004066694,ACS_Active
1646105170,-3.313575098,1.462857214,0.126892688,-0.342937223,-0.10498622,0.086600309,-61.2,0.9,-19.95,1310.765883,847.1364427,11.64738792,1312.043973,97.62263377,-12.90865666,Burnout,-1.004066694,ACS_Active
1646105170,-3.145980981,-3.098096948,-4.175487695,-0.204643191,-0.04929556,0.029044411,-77.25,-4.05,-24.9,1320.200195,846.2704151,11.63831804,1318.928398,99.12847205,-12.92827294,Burnout,-1.004066694,ACS_Active
1646105170,-3.390189551,-3.399766357,-4.065354419,-0.122306282,-0.049029098,0.046098011,-83.4,-12,-31.65,1322.092409,845.3896881,11.62017822,1322.625206,97.6381498,-13.08791398,Burnout,-1.004066694,ACS_Active
1646105170,-1.482010828,4.81713374,11.16655654,-0.2912435,0.036238898,-0.031709036,-96.15,-21.6,-41.55,1327.487538,845.7469712,11.6111083,1327.375292,97.24268782,-11.96914322,Burnout,-1.004066694,ACS_Active
1646105170,-3.409343164,-0.088585461,-5.044582898,-0.328015323,0.099390508,0.017852987,-101.1,-32.55,-48.75,1327.439021,845.3874424,11.60203836,1329.108974,93.85629788,-12.73417625,Burnout,-1.004066694,ACS_Active
1646105170,-2.513911743,7.19697019,9.102754712,-0.334676886,-0.05355896,0.031709036,-100.35,-41.7,-55.8,1332.315765,844.6511566,11.58843342,1332.767487,92.50466706,-12.47215799,Burnout,-1.004066694,ACS_Active
1646105170,-2.726995691,0.004788403,-0.363918652,-0.336542123,0.044765698,0.025846861,-97.95,-49.35,-62.4,1335.607707,844.5363648,11.58389844,1336.146455,91.02966067,-12.50382122,Burnout,-1.004066694,ACS_Active
1646105170,-1.896207715,-0.248996973,5.140350964,-0.214502303,0.100989283,0.020784074,-89.55,-61.2,-70.65,1341.460179,843.8979428,11.58389844,1341.108905,91.03214439,-12.0018622,Burnout,-1.004066694,ACS_Active
1646105170,-3.117250562,0.871489404,-2.082955444,-0.350664635,0.0042634,0.042101073,-80.7,-65.1,-74.7,1347.931509,843.5922778,11.56122347,1346.990298,92.00908484,-12.56438957,Burnout,-1.004066694,ACS_Active
1646105170,-3.574543079,-4.955997437,-8.125920435,-0.368251159,0.013589587,0.043433386,-67.5,-72,-79.8,1350.587598,842.9318673,11.56575847,1350.841573,90.98851584,-13.06267281,Burnout,-1.004066694,ACS_Active
1646105170,-3.758896606,1.048660327,4.575319373,-0.304833087,0.007727412,0.038370598,-51.9,-75.6,-81,1353.860193,842.4624149,11.55215346,1354.34523,89.54258953,-13.36709885,Burnout,-1.004066694,ACS_Active
1646105170,-1.628057129,2.025494604,5.06134231,-0.215035228,-0.057289435,0.052759573,-29.1,-76.5,-81.15,1357.610677,842.0467412,11.55215346,1357.941261,88.40654073,-12.16633797,Burnout,-1.004066694,ACS_Active
1646105171,-3.234566443,-1.764526624,-6.983886243,-0.11777642,-0.084202146,0.035439511,-14.4,-74.4,-82.5,1359.722391,841.7165618,11.52947837,1360.576286,86.41730175,-12.70090939,Burnout,-1.004066694,ACS_Active
1646105171,-2.705447876,-4.649539624,-3.131615771,-0.158545181,-0.108450233,0.031176111,3.75,-71.55,-78.3,1367.795312,841.5896368,11.52947837,1366.69006,87.66580314,-12.57675668,Burnout,-1.004066694,ACS_Active
1646105171,-2.324769812,0.019153613,3.72058938,-0.465243505,-0.096725883,0.022649312,22.65,-64.65,-74.4,1369.814433,840.8095487,11.52040832,1370.16574,86.50379717,-12.29506158,Burnout,-1.004066694,ACS_Active
1646105171,-1.525106458,3.21541283,10.26394252,-0.272857588,-0.05782236,0.055957123,29.1,-61.2,-70.95,1375.351578,841.0005119,11.51587329,1374.931894,86.63681153,-11.69273125,Burnout,-1.004066694,ACS_Active
1646105171,-0.756567725,0.378283862,3.84987627,-0.473503842,-0.094327721,0.060753447,43.8,-48.3,-63.3,1374.37604,840.0443964,11.50226817,1376.088566,83.23524412,-10.98912226,Burnout,-1.004066694,ACS_Active
1646105171,-3.105279553,2.628833423,6.885723975,-0.343470148,-0.017053599,0.060753447,50.7,-37.8,-54.75,1380.985844,839.7168682,11.49773312,1380.612787,83.3035089,-12.17053744,Burnout,-1.004066694,ACS_Active
1646105171,-2.647987036,2.145204687,1.534683264,-0.146021444,-0.076474734,0.061286372,53.1,-28.35,-50.25,1382.270538,839.1569626,11.48412796,1383.081899,81.39575075,-12.33995896,Burnout,-1.004066694,ACS_Active
1646105171,-3.205836023,-1.012747302,-5.468356592,-0.152150081,-0.031442574,0.019185299,51.75,-17.1,-40.95,1383.95827,839.244995,11.48412796,1385.056837,78.9567308,-12.74965346,Burnout,-1.004066694,ACS_Active
1646105171,-3.517082239,2.276885779,3.093308545,-0.11351302,-0.001598775,0.030110261,47.1,-6.75,-35.7,1387.788346,838.8320907,11.47505784,1388.13431,77.77871913,-13.09798697,Burnout,-1.004066694,ACS_Active
1646105171,-2.60967981,-0.440533105,-11.47301436,-0.342137835,-0.040502298,0.011990812,37.2,1.35,-28.95,1395.263621,838.7440626,11.46145263,1393.984361,79.28349196,-12.66915768,Burnout,-1.004066694,ACS_Active
1646105171,-3.567360474,2.075772839,2.489969727,-0.41008577,0.05249311,-0.018385912,24.6,8.85,-27.45,1397.407707,837.8981212,11.46145263,1397.541051,78.44028853,-13.09817431,Burnout,-1.004066694,ACS_Active
1646105171,-3.684676355,-0.016759412,-1.185129822,-0.251007664,-0.00532925,-0.026113324,12.6,12.15,-25.5,1401.21657,837.3849505,11.45238248,1401.207246,77.83699825,-13.33445239,Burnout,-1.004066694,ACS_Active
1646105171,-1.25456167,1.086967554,-4.163516687,-0.334410423,-0.082869834,0.044499236,-7.8,15.9,-23.7,1401.431074,837.4412891,11.4478474,1402.673339,75.20907109,-11.92363566,Burnout,-1.004066694,ACS_Active
1646105171,-2.937685437,1.450886206,-2.633621826,-0.160410418,-0.032508424,0.045298623,-27.3,16.2,-24.45,1408.674938,836.840138,11.43877722,1407.796029,76.09117396,-12.42356213,Burnout,-1.004066694,ACS_Active
1646105171,-2.786850732,-0.909796631,1.13963999,-0.225693728,-0.050627873,0.030376724,-42.15,14.25,-25.65,1410.177586,836.1606806,11.42970704,1410.605799,74.79682223,-12.52217883,Burnout,-1.004066694,ACS_Active
1646105171,-3.174711401,2.853888379,1.106121167,-0.283516088,-0.11351302,0.034640124,-60.3,9.75,-31.05,1414.755102,836.3833857,11.41610173,1414.531855,74.56551824,-12.79912179,Burnout,-1.004066694,ACS_Active
1646105171,-2.55221897,0.079008655,0.263362183,-0.075941809,-0.05142726,-0.016254212,-75.15,1.95,-37.5,1421.818669,835.9996675,11.40703151,1420.460039,76.23587509,-12.51940476,Burnout,-1.004066694,ACS_Active
1646105171,-2.853888379,-1.309628308,-4.113238452,-0.268327726,-0.053026035,0.06421746,-86.1,-4.5,-43.65,1420.932847,835.2102605,11.39796128,1422.056164,73.79152533,-12.60068232,Burnout,-1.004066694,ACS_Active
1646105171,-1.994369983,1.005564697,2.188300317,-0.116177645,-0.077807047,0.040768761,-93.3,-15.15,-51.45,1426.925155,835.3036444,11.39796128,1426.402965,74.07568034,-12.09942166,Burnout,-1.004066694,ACS_Active
1646105171,-1.814804858,0.557848987,0.395043274,-0.200113329,-0.089797859,0.012523737,-98.55,-23.55,-59.25,1427.140167,834.9709328,11.38435591,1428.165618,71.78558221,-11.79802532,Burnout,-1.004066694,ACS_Active
1646105171,-2.406172668,-2.087743848,-2.008735193,-0.284581938,-0.011191425,0.025313936,-99.9,-33.6,-67.95,1430.958309,834.369953,11.37528564,1431.161605,70.88938795,-12.04782295,Burnout,-1.004066694,ACS_Active
1646105172,-2.542642163,0.102950671,0.962469067,-0.270725888,-0.147886681,0.033307811,-95.25,-43.8,-76.2,1430.837564,834.218657,11.37982078,1432.162603,68.13684622,-12.22832223,Burnout,-1.004066694,ACS_Active
1646105172,-2.078167041,0.225054956,4.173093494,-0.333078111,-0.071411947,0.034906586,-86.1,-51.75,-82.2,1442.431808,833.3977455,11.36168022,1439.874959,71.82791648,-12.00758774,Burnout,-1.004066694,ACS_Active
1646105172,-1.908178723,-0.047884033,3.83551106,-0.201712104,-0.057555898,0.037304748,-74.55,-60.75,-87.15,1443.508458,833.322111,11.34807477,1443.402443,71.44722749,-11.81988521,Burnout,-1.004066694,ACS_Active
1646105172,-1.709459985,-2.36547124,0.258573779,-0.409552845,0.017320062,0.06208576,-65.1,-62.4,-90.45,1445.393266,833.3055596,11.34807477,1445.881089,70.09803917,-11.62576666,Burnout,-1.004066694,ACS_Active
1646105172,-3.394977954,-1.601720911,-5.729324573,-0.215568153,-0.024781011,0.032241961,-44.55,-68.1,-93,1446.537778,832.8339729,11.32993412,1447.516407,67.88077471,-12.59366902,Burnout,-1.004066694,ACS_Active
1646105172,-2.061407629,0.538695374,-0.179565125,-0.353862185,-0.077807047,0.036505361,-24.75,-66.9,-93.3,1447.399372,832.3995052,11.30725824,1448.596501,65.3264915,-12.13931646,Burnout,-1.004066694,ACS_Active
1646105172,-0.165199915,-0.493205542,2.961627454,-0.299237375,-0.043699848,0.044765698,-10.05,-64.35,-91.65,1454.119714,832.3898765,11.30272305,1453.214529,66.28694684,-10.7924538,Burnout,-1.004066694,ACS_Active
1646105172,-1.752555615,-1.78846864,-5.683834741,-0.22809189,-0.123638595,0.048762635,8.1,-61.95,-88.95,1459.145603,831.7891113,11.29365267,1458.136466,67.44135127,-11.25895059,Burnout,-1.004066694,ACS_Active
1646105172,-1.175553015,2.916137622,11.14740293,-0.228624815,0.105785608,0.012257274,25.5,-54.3,-84.3,1458.256133,831.7135036,11.28458227,1459.359344,65.09663382,-11.0819484,Burnout,-1.004066694,ACS_Active
1646105172,-1.474828223,-1.800439648,-2.183511914,-0.345601848,-0.043166923,0.059154672,36,-47.7,-78.9,1461.773818,831.4427009,11.27551186,1461.998658,64.20527188,-11.19871596,Burnout,-1.004066694,ACS_Active
1646105172,-1.450886206,3.282450476,4.158728284,-0.223562028,0.046098011,0.034640124,47.25,-37.35,-72.3,1463.688059,830.9299877,11.25737101,1464.189294,62.83016059,-11.22871225,Overshoot,-1.004066694,ACS_Active
1646105172,-0.828393774,4.865017773,8.432378247,-0.308830024,0.126836145,0.000266462,52.2,-29.4,-65.55,1465.413933,830.9107588,11.25283579,1466.034449,61.29079786,-10.85552055,Overshoot,-1.004066694,ACS_Active
1646105172,-1.984793176,-0.371101257,-4.230554333,-0.364520684,-0.10605207,0.036238898,56.25,-18.3,-58.65,1468.839375,830.4393016,11.24830056,1468.857359,60.73711952,-11.42726735,Overshoot,0.15,_
1646105172,-1.060631335,1.790862842,2.89937821,-0.134563557,-0.042633998,-0.007993875,55.2,-10.35,-54.15,1479.797259,829.9514298,11.23015963,1476.875905,65.10114373,-11.07247684,Overshoot,0.15,_
1646105172,0.565031592,-1.381454358,-3.069366528,-0.237418077,-0.017320062,-0.006928025,48.45,2.7,-44.55,1476.961766,829.910229,11.21655389,1478.036737,62.83739994,-9.934964467,Overshoot,0.15,_